id_comment,author_name
kb9ouxb,Reasonable_Cover_804
kb9ix6s,Wave_of_Anal_Fury
kb9jcsb,SadPanthersFan
kbbkdsh,mrjigglyman
kbbiwxi,drkstlth01
kbbrnpt,Street-Helicopter564
kb9x78a,myradiosecamactions
kbb7ylt,RC7plat
kbb5716,XiruFTW
kb9lv4l,Tpaine63
kb95zo4,ZappSmithBrannigan
kb9ykyq,DiogenesOfDope
kbb4py8,Tennyson98
kbakvkp,DeanoBambino90
kb9tgf7,Infamous_Employer_85
kba0aj9,GotAJeepNeedAJeep
kbava1a,Splenda
kb99d04,Major_Mawcum
kb96rzm,SuspiciousStable9649
kbbffsz,DibbleMunt
kbafeh8,Outrageous_Loquat297
kbbr1ps,softchenille
kbbkik9,Traditional-Handle83
kb98tlp,slipwolf88
kbaw2t1,Gigantic_Rodents
kbbnmtu,Lumi_Tonttu
kbayhjo,Lumi_Tonttu
kba892q,jim1188
kbbev4u,Akira282
kb9ubye,BudMacintosh1
kba77gk,Initiative-Pitiful
kba0z5b,NanoGeek
kb94jtl,LucidMetal
kbbtyuo,WolfieTooting
kb9nn6g,NJSwingers973
kbbukpn,SeparateNewspaper810
kbaqcmi,Signal_Ad_7959
kbbr8ss,Molire
kb9x8xo,Damnatus_Terrae
kba4tcx,nuck_forte_dame
kbb7zje,BeeOk1235
kbb8ijn,Math8ace
kba24nh,Efficient_Product_66
kb9pcr5,Money_Whisperer
kbbqv6z,elinamebro
kbbdp7g,Mazjobi
kb99tky,Hop-Worlds
kb9u39v,HyerStandards
kba3158,tenderooskies
kba7qgk,disturbedsoil
kba0d3m,Synensys
kb9ycmk,klonkrieger43
kbbh9jt,RiddleofSteel
kbay1vo,fiaanaut
kb93i90,hctudford
kb95txj,tbdabbholm
kbb1ayc,BigBradWolf77
kba5foy,lepetitmousse
kbappvm,Vv4nd
kbayd7e,physioworld
kbb1vrp,HunkaHunkaBerningCow
kb9pc2e,AlexFromOgish
kbb8oes,metalpyrate
kbadvp6,markroth69
kbbezlh,Aazadan
kba4kve,EuroFederalist
kb9p7s9,LordMoos3
kb9r9n0,PupperPetterBean
kbbho93,AustonsNostrils
kbbqgjj,Stellar_Cartographer
kba3n5n,56iconic
kb9xtky,GotAJeepNeedAJeep
kbab1rt,badass_panda
kbbk7ti,uphillbothwaysnoshoe
kb9vf2l,djwired
kb9jdl8,tyr-was-here
kb9bxoh,Money_Whisperer
kba2xdw,skovall
kb98yrl,Cheemingwan1234
kb9de6e,Logical_Aries
kbaoz17,Flintenguenter
kb9bl8s,ryan_m
kb94hdq,RichRingoLangly
kba3wc3,Ansuz07
kbbmcuz,suspended_007
kbb3zlx,robotdesignwerks
kb9y9yc,thatguythatbowls
kbbx4td,SeaBearsFoam
kb98obw,dogisgodspeltright
kb9hh2y,IdidntchooseR
kbatq4c,N0x47
kbb8a8y,Helpful-Emu-1453
kbbgiul,NA_DeltaWarDog
kb9c96s,SinisterYear
kb9tmau,RRW359
kb9eyt4,Cheemingwan1234
kbazdnb,RC7plat
kbbefl8,thatguythatbowls
kb9czu3,RyanMaddi
kba8jgk,GraniteGeekNH
kbb6jma,Super-Minh-Tendo
kb963k5,DeltaBot
kbai462,Routine-Arm-8803
kbarkxj,jimmylstyles
kb94oxy,Logical_Aries
kbbsi6g,NotCanadian80
kb97r4v,destro23
kba9nuu,shanem
kbbycqo,Lumi_Tonttu
kbaa0de,brellish
kbbhn05,Miserable-Lizard
kb96s6g,Idesign4btc
kbbisqi,Miserable-Lizard
kbbnfxa,gerswetonor
kb9ch2o,Ill-Description3096
kbbv90z,SeparateNewspaper810
kbb9mrq,logicalprogressive
kb9bm9c,SuspiciousStable9649
kb9qg1a,Helicase21
kb9tcqr,davesgirl19
kbbhz75,Cheekoschafers
kb9spqa,thatguythatbowls
kbbquhp,silence7
kb9f1zz,DeltaBot
kbb3is8,Robert3617
kbapiwd,frtwgt
kbam65u,Marodvaso
kbb4ah5,LingALingLingLing
kb9hfde,DreamCreator369
kba3g2b,RealityCheck831
kbaedy7,BakhmutDoggo
kb9jkbj,AncientAstro
kb98flu,cmaldrich
kbbljl1,suspended_007
kbb7qbx,PracticalIce7354
kbb9aq0,user_1729
kba007y,monet108
kbax1rz,Infamous_Employer_85
kb99een,MyNameIsMudd1972
kb9z688,saras998
kb9xqb8,thatguythatbowls
kbb8v0u,Lumi_Tonttu
kb9pjy6,Infamous_Employer_85
kbawdmw,BigMax
kbanfuv,PC-12
kbajfn3,angelfirexo
kbadfed,Initial-Lead-2814
kb9gta6,Wagamaga
kb9sn19,NyriasNeo
kb9oyql,uncoild
kb99ovw,Deadbeatdebonheirrez
kbbcj5x,fccrunch
kbawa4r,Signal_Ad_7959
kb9xnlo,Cheemingwan1234
kballdf,heatmapnews
kb97cos,Cheemingwan1234
kbbfh4p,LA_Shohei_Time
kb9321n,FrosttheVII
kbamu0v,tommy_b_777
kbbk6w8,Ok-Research7136
kb9i101,Uncle00Buck
kb9549f,Cheemingwan1234
kb9wsx1,Unkle-Gruntle
kbajopu,ESDT_O
kbb1u7s,Nemo_Important
kb9fam2,justsomeguy1967
kba5yzm,Western_Scallion_770
kbb7oqf,OsgrobioPrubeta
kb9vaob,sarcasmismysuperpowr
kb9rpyq,Wagamaga
kb9mxk6,Alexandur
kb9pusq,jimginge
kbbglyi,Hobo_de_Mexico
kbb10ka,forman98
kb9vvv6,VernoniaGigantea
kb9jlkt,Ok-Butterscotch6274
kbb1nao,Repulsive_Basil774
kb98vy6,IronDonut
kbb4crj,DamonFields
kb94qvw,BartholomewKnightIII
kbavjgs,EurekaStockade
kb9b8zs,iqisoverrated
kba7ew9,walkawaysux
kb9c1pi,Substantial_Diver_34
kbaanp7,Threesrwild
kb9392d,Wave_of_Anal_Fury
kb95vqs,drink-beer-and-fight
kb97ppk,myradiosecamactions
kbbmllo,Hour_Eagle2
kbbrvdc,captainbruisin
kbahtxj,AM_Bokke
kba5clf,56iconic
kbaapvj,dvtate
kbaagtz,LackmustestTester
kbb3bko,Gorvoslov
kbb2oek,Adrian_Alucard
kbas8do,Infamous_Employer_85
kb9djo7,Gratuitous_Insolence
kb9pld2,Digital-Soup
kbb1q3n,theoldgreenwalrus
kb9y5pz,destro23
kb95no1,randompittuser
kb95n2l,Spiritual-Avocado-33
kbb8w03,Twsty999
kb9wxo0,Savant_Guarde
kbb48ys,frtwgt
kba40n5,Believe_In-Steven
kba0z7k,LexicalMountain
kbas0vw,tupperwaretroubles
kba73gt,56iconic
kbazblu,Jake0024
kbbn90v,Jay53away
kba98a5,kaoron
kba2i5l,dk_bois
kbbsew3,Nocomment84
kb9oemp,Alexandur
kbatuat,Vv4nd
kbbv8m6,CommonSilly7368
kb91j7v,Immediate_Belt_5370
kb94q71,arkaneent
kbaslga,Xoxrocks
kbaylpv,Dry_Banana5319
kba6gan,Square-Routine9655
kbbg0a6,NA_DeltaWarDog
kbb0hnu,Vohems
kba8t9y,Adrian_Alucard
kba624w,LexicalMountain
kb95pdb,Fun_Ingenuity8788
kbajlcw,kenlasalle
kbaib8a,artguydeluxe
kbat05o,Covertuser808
kba81cn,Unkle-Gruntle
kb97vcj,Grumpy_Troll
kbbmlqj,slo1111
kb8zyy0,james_lpm
kbaifn2,NeatZebra
kbaefxs,SuspiciousStable9649
kbbvn5l,Get4high2get0by
kba2dd5,Honest_Cynic
kb9257m,Savant_Guarde
kb9f3ng,DeltaBot
kb9ugt5,Extension_Focus7520
kbaq7ym,Vv4nd
kba6stm,Daddy_Macron
kb9kr6w,tommy_b_777
kba4n1u,nuck_forte_dame
kb9qbwj,NoNotThatScience
kba5juq,Cheemingwan1234
kbbgja6,Twsty999
kba3y1z,captaindata1701
kb9o9ut,SunburnFM
kbb1rv4,fence_sitter
kbbtvnn,HeroDanTV
kbb4e37,PC-12
kba2kge,slowrecovery
kbakpc9,oldwhiteguy35
kb9pr4z,jimginge
kba4s2p,Western_Scallion_770
kba028c,LessThanSimple
kb9oiw1,OnlyCommentWhenTipsy
kbacqrk,starfirex
kbbj6rx,Twsty999
kb97orb,destro23
kb9d5zv,DeltaBot
kbagjia,HumanityHasFailedUs
kb9qvlo,NomadicScribe
kba0ws9,twitterisntasource
kbbsfjq,Infamous_Employer_85
kbbptq8,PracticalShoulder916
kb93em3,multiversesimulation
kbbd738,Square-Routine9655
kb94uj6,Cheemingwan1234
kb9hubp,Content_Employer7326
kbb2yqi,barbodelli
kb9aij3,ColdWarVet90
kbatov5,PC-12
kba0c1n,Infamous_Employer_85
kb95xc3,Tomatosmoothie
kbaposv,Pipiopo
kb98gnp,carchit
kb9i7my,destro23
kb9v38t,Tricky-Astronaut
kba6pcg,CommonSilly7368
kbap6x8,DamonFields
kb92eow,Swingset8869
kba299b,cyborg_elephant
kbbgyiq,Lord_Bob_
kbavn97,Vv4nd
kbbvkac,Dueco
kb9yhnn,Daddy_Macron
kbag7ua,afk420k
kb96153,sarcasmismysuperpowr
kb9tcjx,StormyDaze1175
kbackjj,Twsty999
kb97jn0,Cheemingwan1234
kbbu7wv,suspicious_hyperlink
kb96zuk,StumpyHobbit
kb9vte3,iglidante
kbboi2g,MikeMurray128
kbaboxj,-explore-earth-
kbb117p,Morbidly-Obese-Emu
kbaf7z8,TooMuchMapleSyrup
kbbv9j5,NyriasNeo
kba2534,Interesting-Low8501
kbb0dmx,MadOvid
kbbhtor,TheCommonS3Nse
kb9xz32,justsomegraphemes
kbag2qs,The_Sex_Pistils
kb9wur5,MBA922
kbb8cbo,Jake0024
kb9gveh,dishwashersafe
kb9j1yl,Various_Succotash_79
kb9pzx7,OriginalAwkward4388
kb9u78l,Adrian_Alucard
kbarfbm,rileyoneill
kba05n9,Zvenndenn
kb9uvqz,greenman5252
kb9u6r8,Honest_Cynic
kb94409,polyvinylchl0rid
kbbwzou,Onthemightof
kb9vpys,JonathanApple
kb9aqc7,BigDuoInferno
kb9juuq,runk2776
kb96l7j,Aqualung812
kbb0j2r,merlinus12
kb9ff01,dumnezero
kbb9zw6,SadArchon
kbbgfj9,jtothelt1
kb9m3v4,Milksmither
kb9mn1f,LexicalMountain
kbajtrn,Money_Whisperer
kbbnu6s,Lumi_Tonttu
kbbelg6,Miserable-Lizard
kb96zdm,8billionand1
kbaq9q7,slinkywheel
kbb6ypv,Lumi_Tonttu
kba658t,Cheemingwan1234
kb905gr,MissJVOQ
kb960uo,Cheemingwan1234
kbakwnr,voinekku
kbauqsx,Vohems
kba7jkh,krkrkrneki
kb95wtv,NotMyBestMistake
kb9da3t,crustose_lichen
kbaft30,Aine_Lann
kbaeerd,LackmustestTester
kb96oxk,Money_Whisperer
kbbh4py,Miserable-Lizard
kbaw6yk,symbha
kb96qqz,tomekanco
kba5zme,Square-Routine9655
kb9ci3b,Money_Whisperer
kb90kxk,Marc_Op
kbb5e1j,honorsfromthesky
kb93ii6,couchgodd
kbad7t7,ShalomRPh
kbbgyvl,JubalHarshaw23
kba9trn,RealityCheck831
kb941en,Sternsnet
kb9zmi6,Money_Whisperer
kbaqlga,Signal_Ad_7959
kb90jax,Milksmither
kb9h3eu,Wagamaga
kbbke62,bleedgreenandyellow
kbb8uj2,WillBottomForBanana
kbaxukl,barbodelli
kbahuwi,C_Everett_Marm
kb9j3e0,AkiraHikaru
kb9so82,Infamous_Employer_85
kbat6g0,Thisismyactualname
kbb3o0r,SftwEngr
kb9lgq0,transcis
kbb7n42,robhanz
kb9ydvu,Splenda
kbaqhbk,Memetic1
kbba7n9,Ok-Research7136
kbb2g73,Nemo_Important
kbal5u8,ThisOneForMee
kbamgoe,EvilPumpernickel
kbakxkf,NeatZebra
kb99ay0,myradiosecamactions
kba41l7,Akerlof
kb98wmx,rgjabs
kbamsn4,Infamous_Employer_85
kb9zo04,Eagle77678
kb9v8mc,iglidante
kb99sp4,DuMondie
kbbbtjh,Lumi_Tonttu
kb98q8s,Admirable_Ad1947
kbagm7d,Covertuser808
kba6fhx,iglidante
kbajv03,BigMax
kbapj0k,Beer-_-Belly
kb9d8qa,18WheelsATrollin
kba25hr,Money_Whisperer
kb9mkey,Houdinii1984
kb9aml6,thatguythatbowls
kb9c5ss,GlitteringFutures
kb9c0tk,thatguythatbowls
kbalq8b,bleedgreenandyellow
kbbd40t,SackBrazzo
kba1n6s,HolidayLiving689
kbahxs8,Ok-bea
kbbj8fe,Vohems
kbatlxs,LackmustestTester
kb9vo52,thatguythatbowls
kb9ceg6,succcittt1
kbausgy,Riokaii
kbaj7z8,DamonFields
kbbqllu,NATO_IS_SUPERIOR
kba13jd,CommonSilly7368
kbam8kr,sinistersoprano
kb97gzu,UncleMeat11
kbbrj5c,Street-Helicopter564
kbbi27l,Miserable-Lizard
kb9s2pf,solorna
kbbjarr,Iam-WinstonSmith
kb999bm,Therettah
kb9q1ph,austeremunch
kbbu6rl,mseg09
kb9g6sk,no-reciept-
kb9ljai,MrFanciful
kbalaqp,sweetbunsmcgee
kbbffnc,Graywulff
kb9bbvl,akademik21
kba9gtj,Aine_Lann
kbb2zeq,LingALingLingLing
kb9rlga,Wagamaga
kb99nug,AdLive9906
kba7fdl,Square-Routine9655
kbbw4p6,Jake0024
kbamib2,jfuite
kb9apzu,DeltaBot
kbalnbh,silence7
kba6wjc,iox007
kb9e18f,Quantum_Pineapple
kb9ejbi,V1kingScientist
kbaqgf0,barbodelli
kb9ura3,whatarechimichangas
kb9y844,shanem
kbbv810,cgg419
kbb6m5t,no-reciept-
kb98cya,giuliomagnifico
kb9spxu,sawdeanz
kbb1vwn,poprostumort
kb9axe3,ryan_m
kba42uf,Honest_Cynic
kb990dx,Emotional-Care814
kb95o1y,alanbcox
kbaitnd,rgjabs
kbbuunx,INFPguy_uk
kb9nzrb,Pavly28
kbb71t3,Math8ace
kbb59wq,HunkaHunkaBerningCow
kbb3ura,oatballlove
kbalc8f,Punchee
kbatiqm,jibbergirl26
kb9880k,DualActiveBridgeLLC
kbafn6p,noname604
kb9r8kf,Brewman88
kb949xp,Ijustwantbikepants
kbbl2k1,PintLasher
kbbj7al,Cheekoschafers
kbanu68,og_aota
kb98snk,LucidMetal
kbaakok,sedatedlife
kb9dwf7,Jakyland
kbaomwc,SackBrazzo
kb9qobz,Penskerz
kbbkjjn,bleedgreenandyellow
kb95pvy,StumpyHobbit
kbbfbi2,landscape-resident
kbayaww,andos4
kb9s1ek,Energy_Balance
kb9zxmy,Synensys
kb9fovq,oatballlove
kbbffpz,Wagamaga
kb9flz6,justsomeguy1967
kbbn64f,Man_with_the_Fedora
kbalipp,ct_2004
kbbc57u,Ok_Swim2642
kbbu6rg,fajadada
kb9taz2,Sidus_Preclarum
kb9rxyl,Signal_Ad_7959
kbaknsm,YodaTurboLoveMachine
kb9w9tl,UniversalSurvivalist
kbazyul,fiaanaut
kbb9bgv,Super-Minh-Tendo
kb9vflu,Background_Win5897
kbb75ka,PlayingTheWrongGame
kbaufmp,Gryphoenix
kbbonnh,skidbob
kbaymph,SionJgOP
kbbefqv,Kolbrandr7
kbahtvv,Lumi_Tonttu
kb9i4o1,The_RealKeyserSoze
kbbhw5x,ilovetpb
kb94ur2,eloyend
kbagj4f,Ten_Ju
kbaj033,Savings-Book-9417
kb9uimk,dvlali
kb98oy0,meshmaster
kb8zyxi,shicazen
kbasm9a,Synensys
kbbpplg,Phallic-Monolith
kb91wkz,Querch
kb981g0,Cheemingwan1234
kbbcdw1,SpatchcockMcGuffin
kbaglat,SadArchon
kb98qvg,Logical_Aries
kba1e2p,newmutants78
kb9v1gk,Noah9013
kbag97i,HumanityHasFailedUs
kb9ucad,icouldusemorecoffee
kb9bkru,inspired2apathy
kb9lzde,bascule
kb991l6,DeltaBot
kbber82,SoloHunterX
kb9d37p,Cheemingwan1234
kba57jl,krystlships
kbaodxy,Portalrules123
kb9rzuz,icehawk84
kbbpj20,Damnatus_Terrae
kb979do,Cheemingwan1234
kb9zhx8,Jason_Batemans_Hair
kbaw7w8,Helicase21
kbb9jcv,BPhiloSkinner
kbbihmy,AustonsNostrils
kb9h1hz,Whattadisastta
kbbn4li,NATO_IS_SUPERIOR
kba2zcc,ryannelikesbutts
kb9ntdx,UnsaltedDryRoastNuts
kba3rap,Abiding_Lebowski
kbaqdue,Twsty999
kbalyxk,HungerISanEmotion
kb91q1w,Any_Commercial465
kb9gyyp,Zvenndenn
kbbbz1z,secretpurpleturtle
kbahel3,MLJ9999
kb9yinp,Zvenndenn
kbbq8gp,Alphard428
kb9kt9d,voinekku
kb95888,destro23
kbbtbrv,BriefausdemGeist
kb98n8u,newnemo
kbbf0y7,auzzie_kangaroo94
kbbi6ev,Miserable-Lizard
kbbu8nn,Jason_Batemans_Hair
kbaravh,Lumi_Tonttu
kbbcae6,mechanicx82
kbankpk,LoginName04
kb9y7ev,ElGazpachoMasMacho
kb9dao5,SneakyStabbalot
kb9b8gg,Cheemingwan1234
kbbg3wq,T0m_n0ok
kbbhw6y,Honest_Cynic
kba9wwu,Captain_Naps
kbai5vc,subhuman_voice
kb9apy0,DeltaBot
kbabmxn,yungvenus
kbabubh,greggerypeccary
kb9xa6e,Anyfingfofwiend
kbb528l,kunstdm
kb907wa,ThemWhomst
kb90v6e,HyerStandards
kbaoyuv,Scubathief
kbblz8s,Gigantic_Rodents
kb9vkem,thatguythatbowls
kb96dbz,One-Storm6266
kbbj9j7,Splenda
kb99k7x,DntCareBears
kb96ts7,jsideris
kb9m1ea,subhuman_voice
kb9bg2g,shicazen
kbbqbh4,rnilf
kbb69b8,Signal_Ad_7959
kbaytiw,Beer-_-Belly
kb9xtg8,Smart_Membership_698
kb92kst,fungussa
kba9kxo,bgovern
kb9lc1j,myradiosecamactions
kb9iyit,Major-Cricket5474
kbbd7yd,SomeSamples
kb9iyse,scaffdude
kb9mllp,beingsubmitted
kba6pft,NuclearPlayboy
kbagva9,HughJass09
kb9rbws,boltsnuts
kb9yio0,Content_Employer7326
kba4f8q,Straight_Ad2258
kbbmoqt,Weldobud
kbb612m,zappy487
kb9glys,Whattadisastta
kb9tzo7,Vohems
kba3l6m,salvia_d
kb9j6xg,SadPanthersFan
kbb6qwf,SuspiciousStable9649
kb95y24,Sharp-Ad-470
kbad4fb,-explore-earth-
kba32w2,LakeSun
kbarcyj,Reaper0221
kb9da6u,Adventurous_Motor129
kbbs3bd,Lumi_Tonttu
kb9zhd2,monet108
kbbn5d4,NewyBluey
kb95ovg,Grumpy_Troll
kbafdye,RavenCall70
kba8pdz,233C
kba7yu7,PolkaDottified
kb9gvse,DeltaBlues82
kbaxvsm,008Zulu
kb9ljah,IronDonut
kbavj4d,OsgrobioPrubeta
kb96nm4,Idesign4btc
kb9k5ss,EnamoredToMeetYou
kbbuq4z,destro23
kb9bwn4,KeithJamesB
kb9r29m,manyfacednod
kbb06n6,SackBrazzo
kb9i5d3,reginald-aka-bubbles
kbb5rzi,All_Work_All_Play
kbaupfc,frtwgt
kb9ivw4,Various_Succotash_79
kbbkx00,KnowledgeMediocre404
kbaopt1,atari101103
kb9j64j,AncientAstro
kb96tpl,IlexIbis
kb9zso8,Cheemingwan1234
kb9tinn,_DeltaDelta_
kb9bmth,GoWithDrone
kb97109,Chilledlemming
kba8g4s,Campeador
kb9baa5,GoWithDrone
kba1399,Honest_Cynic
kb9vy82,iglidante
kb9wl3g,Honest_Cynic
kb9ib7t,tikkymykk
kbbwbin,Jake0024
kb9rsnl,Infamous_Employer_85
kbbgwvv,Cheekoschafers
kbb65lu,iglidante
kbah3x8,EvlSteveDave
kb9i8h5,Iam-WinstonSmith
kb9a6ra,thatguythatbowls
kba4ltj,EKcore
kbbhb9f,Cheekoschafers
kbayshb,andos4
kb9qeel,theoryofgames
kbaf3di,TooMuchMapleSyrup
kbae14g,markroth69
kbapibd,justsomegraphemes
kb9oqnv,Alexandur
kb9z8ft,Splenda
kbbai9l,no-reciept-
kb9vqbn,Twinkletoes1951
kbbp3t7,Infamous_Employer_85
kbbovi4,Misinfoscience_
kb97t2k,FermierFrancais
kbb2dno,Routine-Arm-8803
kbar1fk,Signal_Ad_7959
kb9p9bu,Gratuitous_Insolence
kba15e4,RealityCheck831
kbbr4mq,Thats_bumpy_buddy
kbaw6m8,ojetemor
kbbgtwl,Honest_Cynic
kbb7fvr,BeeOk1235
kb9o1mz,sawdeanz
kbaclmq,Life-Attempt-1378
kb9i7k1,apextek
kbb4wu7,Sea_Mood_9416
kbbn4pl,Weldobud
kbbv45z,NyriasNeo
kb95k2x,hctudford
kbb638d,Super-Minh-Tendo
kbbjkkl,MathierCutkov
kbb6nef,Akira282
kb9sj7p,Eagle77678
kb957gp,remdog1007
kb9jlo2,MenWhoStareAtBoats
kbaih59,Super-Minh-Tendo
kb957v4,Destroyer_2_2
kbafzkv,56iconic
kba1zl2,3Effie412
kb9uuu6,iglidante
kb9x3kn,robertDouglass
kb9em1m,itsallrighthere
kb9it2z,Stellar_Cartographer
kbajmwa,56iconic
kbacsf4,Reaper0221
kba36ix,Zvenndenn
kb9u0t4,Weldobud
kb9fudl,DeltaBlues82
kb9by9s,Jakyland
kbb2gi8,Afrin_Drip
kbaomyq,dWintermut3
kb9mt3k,Infamous_Employer_85
kb9uf9z,SinisterYear
kb9c1in,HowManyMeeses
kbbkayy,RC7plat
kb9gjsx,Thulsa_Do0m
kb9sbvu,Extention_110
kb9jw13,mossgard007
kb9z4h2,Synensys
kb9avyl,Quantum_Pineapple
kb9brl8,Cheemingwan1234
kbamb1l,Pipiopo
kbaps1s,yoyowhatuptwentytwo
kb9boz1,fallbyvirtue
kb96c06,LucidMetal
kb9fhgh,IlijaRolovic
kb9fgau,edWORD27
kbbtxlq,rawdizzl
kb9b3d0,Money_Whisperer
kba5ksk,iglidante
kbbbqi4,thx1138inator
kb9xvny,drifty241
kb9z5wt,iglidante
kbb1t8e,RandomErrer
kbavme1,NotAsUglyAsYourMom
kb9qeqq,Cheemingwan1234
kba5vyv,NanoGeek
kbbuqe5,WolfieTooting
kba2q0k,Adrian_Alucard
kbae5s7,felidaekamiguru
kbbpd1q,SammyMaudlin
kba3045,Gimmefuelgimmefah
kbapuqu,Scytodes_thoracica
kbb9uo4,myradiosecamactions
kbb4k68,koveck
kb98fxj,Money_Whisperer
kbbiqdz,SftwEngr
kb9v8tu,mulsannemike
kbbi6k0,TheRealAuthorSarge
kbb3rh4,thebestoflimes
kb9e2dx,Mr_cypresscpl
kbar5gn,Signal_Ad_7959
kb98wmn,destro23
kbal6y2,mechanicx82
kba6qzb,destro23
kb9z5gh,Honest_Cynic
kb9yh3k,thatguythatbowls
kb9a4r2,HispanicEmu
kbawrcl,Jake0024
kbbbhiu,DocQuang
kb9sx01,Splenda
kb97s1o,Money_Whisperer
kbblge9,khoawala
kbawv4c,LowLifeExperience
kbb458f,SweetBearCub
kb9iq1a,VernoniaGigantea
kb94ri0,philipcarl333
kb902wx,topcat5
kbbrkoc,MikeMurray128
kbbw8n5,barbodelli
kbbgnzy,thebestoflimes
kb9bh47,PestTerrier
kbbkfv5,Stellar_Cartographer
kb94320,parkway_parkway
kbb28oj,honorsfromthesky
kba398p,Extension_Focus7520
kb9p379,NanoGeek
kba50h4,mikecjs
kb9m0z7,Tpaine63
kb9ihzk,AllWhiskeyNoHorse
kb96r7e,destro23
kbbg9hc,Honest_Cynic
kbahsau,hsnoil
kb94peg,xenon_megablast
kbbsfj2,Molire
kb9jafi,felidaekamiguru
kbbda7r,nova_rock
kbavxy5,NaturalCarob5611
kb9ijwy,c-bile
kbbpzso,mule_roany_mare
kb9td82,m71nu
kb981xg,gavvvvo
kb97wuk,geepy66
kb9lfqc,HispanicEmu
kb943yu,xfearthehiddenx
kbbuthb,Lumi_Tonttu
kb9naoo,Infamous_Employer_85
kb9ygtn,iglidante
kbbbeym,Stellar_Cartographer
kb9r0y4,RRW359
kb968d5,merlinus12
kb967rr,no-reciept-
kb963i3,DeltaBot
kbboo52,no-reciept-
kb9dtds,Can-Funny
kb9ghd6,Iam-WinstonSmith
kbacb17,YardageSardage
kb9j7by,destro23
kb95moa,Cheemingwan1234
kbbxiah,Yezzik
kbb4s7q,Apellio7
kbaxaeu,TipsyMcswaggart
kbbt7zi,Bonch_and_Clyde
kbboy0h,Whydmer
kbb3yhs,Signal_Ad_7959
kbbgn62,enjoyyourstudioapart
kb981jy,destro23
kba5qq4,NJSwingers973
kbab7oe,Bobby_Sunday96
kb9pouk,Cheemingwan1234
kb90ccd,srakken
kba516y,bozza4
kb9a1g8,ZappSmithBrannigan
kb9t8sd,Cheemingwan1234
kb94bo2,horsebatterycorrect
kbafp09,ElvislivesinPortland
kbawphv,Ideon_
kba0536,Dromgoogle
kb9gsby,Cat_Or_Bat
kb92rf7,goodtimeOG
kba4p8d,LakeSun
kb9o7k6,Infamous_Employer_85
kbagj5p,hsnoil
kbb97w4,Lumi_Tonttu
kbahgme,IronDonut
kb9e4el,CFD330
kb9pfgz,Money_Whisperer
kbbhtmu,Patrick2337
kb98xys,Genacyde
kbb9vyg,SadArchon
kb9xcfy,Zvenndenn
kbbnia0,Believe_In-Steven
kbanqkd,Vv4nd
kb9fi6g,I_LIKE_AYAKA_FEET
kba0ojy,klonkrieger43
kb98il8,destro23
kb9sc7w,Initial-Lead-2814
kb9dm6q,Ill-Description3096
kbbrptw,TheKramer89
kb9oq86,Automatic-Sport-6253
kbb9w7r,logicalprogressive
kbav7vf,veliveliveli
kbbn2kw,NATO_IS_SUPERIOR
kbb3m0o,michaelrch
kb9jr70,buntypieface
kbbcmhx,Nexrender
kbaff5s,hsnoil
kb97nyn,conduit_for_nonsense
kba6tg0,RadioactiveOyster
kbbb04r,DramaticBee33
kbbmn1t,NewyBluey
kb9cxe7,SuspiciousStable9649
kba0an7,Adrian_Alucard
kb9fv0o,iqisoverrated
kb9q8wr,Cheemingwan1234
kb9ilqb,Apprehensive_Low685
kbaq7y7,Money_Whisperer
kbbphum,brainfreeze3
kba4bvb,Best_Toster
kb9lskq,IronDonut
kba13m9,don_kong1969
kb9az9a,SuspiciousStable9649
kbavgkc,action_turtle
kb9pabk,Money_Whisperer
kb9pgnz,tarantulahands
kbbu6jj,JasonVanJason
kbbnttd,SackBrazzo
kbb45eu,rounder55
kbb2o99,Comfortable-Taro6113
kb9wqb1,Noah9013
kbbbkbk,don_kong1969
kb971g6,zecaptainsrevenge
kb91nvt,04852
kbbdzoc,NA_DeltaWarDog
kb9kb5i,MikeFrikinRotch
kbamrie,jibbergirl26
kb99ryw,DevilsTurkeyBaster
kb9mtad,The_Sex_Pistils
kb9563n,hctudford
kb94pb0,Dennis_enzo
kbbryw6,deadRonin24
kb9nenx,oatballlove
kba2ws5,Call_Me_Squishmale
kb9j2ce,VernoniaGigantea
kbbp8y5,NewyBluey
kb9mvyk,Tpaine63
kb9f26e,CalligrapherDizzy201
kbaxnbn,deck_hand
kb9ldzc,naastiknibba95
kbbinif,jatjqtjat
kbb3v2f,Infamous_Employer_85
kbarnhl,Vv4nd
kb996vz,Cheemingwan1234
kbaitmv,hobskhan
kbbpimo,Infamous_Employer_85
kbblgwh,BukkitCrab
kb97wci,cmaldrich
kb9683u,Ruzi-Ne-Druzi
kbb4uaq,SuspiciousStable9649
kbaebpa,NeatZebra
kbbv0tb,Sugarsmacks420
kb949ev,Sternsnet
kba0n6l,No-Statistician1998
kba4pft,Best_Toster
kb9vxbk,ElGazpachoMasMacho
kb9kk8j,Kotoperek
kbatmhf,caballist
kbbw1w6,JubalHarshaw23
kbb15qk,thebestoflimes
kb9kxef,rgjabs
kbatpl3,SpareDiagram
kb9rhlg,solorna
kba3xao,Believe_In-Steven
kb95zps,burningmilkmaid
kb9objz,axionic
kb9xjt3,Cheemingwan1234
kba7mqp,Few_Foundation_4242
kbbk0s3,rulesnogood
kb97w4g,Spinner4
kba4v92,SuspiciousStable9649
kbb47a8,futurefirestorm
kbb2h3c,LingALingLingLing
kbac3kn,Bobbob34
kbbm6yp,thebestoflimes
kbaa3oq,EmceeSuperDave1987
kb95qih,ZappSmithBrannigan
kbb2l4i,PC-12
kb9lbc5,voinekku
kb9eqch,DevilsTurkeyBaster
kb9ysdf,Cheemingwan1234
kbbkg7m,robotmonkeyshark
kb9w4dv,Adrian_Alucard
kbaqp4a,SweetBearCub
kbb0dnu,Historical_Clock_358
kb9tom9,slowrecovery
kba2msx,Shnazzytwo
kb9p2vt,mrnubuck
kba1h5t,CommonSilly7368
kbahh9y,Maccabee2
kbb7218,Gigantic_Rodents
kbaz6wx,disturbedsoil
kbb0brl,ManoOccultis
kbbje6f,Nathan_RH
kbbscf6,BabyloneusMaximus
kba9l50,Enough-Ad-8799
kba466o,scratchy_RUG33
kb9j0me,SadPanthersFan
kba6brs,Square-Routine9655
kbap1d3,frtwgt
kb9e0ta,Flyingdeadthing2
kb99sfs,Emphasis_on_why
kb95g9v,Cheemingwan1234
kb9u0np,SLOspeed
kbbhw9v,BeeOk1235
kbbb8gf,Stellar_Cartographer
kb9rbja,SuspiciousStable9649
kbbeayu,RavenCall70
kbahwjn,Ledtodeviance
kb9kzpd,Makuta_Servaela
kb9spgm,DeltaBlues82
kbb4dew,NotAsUglyAsYourMom
kbawizh,Conspiracy_Skeptic
kbbac23,jzinckgra
kbaaupu,SneakinandReapin
kba5wix,EuroFederalist
kb96f1w,Cheemingwan1234
kbarcnb,HomelessIsFreedom
kbaxfrc,Dropeza
kb9o8hb,Automatic-Sport-6253
kb9ypbq,destro23
kb9yyy0,NJSwingers973
kb9zdu8,Synensys
kbbdzno,Nephermancer
kb9uw1n,RetrotheRobot
kb9zjqf,justsomegraphemes
kb9v6vx,Can-Funny
kbar22i,rileyoneill
kba7dj2,PC-12
kb9xlhq,ElGazpachoMasMacho
kbb2gp1,Molire
kbb0mrm,lepetitmousse
kbbqdmh,Redrolum
kbak53v,Hobo_de_Mexico
kb9b1ps,truculentt
kb9an31,buckers582
kb9qadh,Z7-852
kb953nk,destro23
kb98aq8,DualActiveBridgeLLC
kbai47l,jibbergirl26
kba3d65,Twsty999
kb9oh0w,Money_Whisperer
kb9zlzu,Wagamaga
kbbg5d1,Twsty999
kb93nc1,Extracrispybuttchks
kbbvbz8,FickleAd2710
kbbu14f,zensnapple
kbaoicr,gr8ful4
kb97xjt,computer_says_N0
kbbc3qg,Illustrious-Ice6336
kbaphss,wintersun60
kba7ng3,Playongo
kb97cku,DeltaBot
kb9l893,sobakablack
kb9z952,whatarechimichangas
kb9wd7b,thatguythatbowls
kbajnq2,Vv4nd
